Occurrences,Title 1,Title 1 Length,Title 1 Pixel Width,Indexability,Indexability Status
1,TOPS Technologies | IT Training Institute in Gujarat,52,456,Indexable,
1,TOPS Technologies Maninagar | AI Ready Courses + Placements,59,573,Indexable,
1,Contact TOPS Technologies — Find Your Nearest Center,52,501,Indexable,
1,Courses — TOPS Technologies,27,274,Non-Indexable,Canonicalised
1,Success Stories — Student journeys + HR reviews | TOPS Technologies,67,629,Non-Indexable,Canonicalised
1,Success Stories — Student journeys + HR reviews | TOPS Technologies,67,629,Indexable,
1,TOPS Technologies Ahmedabad | AI Ready Courses + Placements,59,586,Indexable,
1,TOPS Technologies SG Road | AI Ready Courses + Placements,57,554,Indexable,
1,Java Development Course with Placement & AI | TOPS,50,486,Indexable,
1,Digital Marketing with AI: A Beginner's Guide — Free Webinar at TOPS,68,619,Indexable,
1,Courses — TOPS Technologies,27,274,Non-Indexable,Canonicalised
1,Cyber Security Course with Placement & AI | TOPS,48,447,Indexable,
1,Courses — TOPS Technologies,27,274,Non-Indexable,Canonicalised
1,Cyber Security: Why It’s the Backbone of the Digital World,58,509,Indexable,
1,"The TOPS Blog — Career guidance, courses & industry insight",59,543,Indexable,
1,Graphic Design Course with Placement & AI | TOPS,48,454,Indexable,
1,Generative AI Guide : From Basics to Business Use,49,450,Indexable,
1,Success Stories — Student journeys + HR reviews | TOPS Technologies,67,629,Non-Indexable,Canonicalised
1,UI/UX Design Course with Placement & AI | TOPS,46,437,Indexable,
1,Gen AI And RAG — Free Webinar at TOPS,37,367,Indexable,
1,TOPS Technologies Vadodara | AI Ready Courses + Placements,58,564,Indexable,
1,Courses — TOPS Technologies,27,274,Non-Indexable,Canonicalised
1,TOPS Technologies Surat | AI Ready Courses + Placements,55,526,Indexable,
1,Digital Marketing Course with Placement & AI | TOPS,51,471,Indexable,
1,Courses — TOPS Technologies,27,274,Indexable,
1,Can AI Really Get You an IT Job? Let's Find Out LIVE! — Free Webinar at TOPS,76,689,Indexable,
1,Courses — TOPS Technologies,27,274,Non-Indexable,Canonicalised
1,Webinars at TOPS — Live & Upcoming,34,338,Indexable,
1,Hire Trained Talent — TOPS Technologies Placement,49,475,Indexable,
1,How to Become a Data Analyst in India: A 2026 Guide | TOPS Technologies Blog,76,707,Indexable,
1,Software Testing Course with Placement & AI | TOPS,50,472,Indexable,
1,Data Analytics Course with Placement & AI | TOPS,48,447,Indexable,
1,Courses — TOPS Technologies,27,274,Non-Indexable,Canonicalised
1,Python Full Stack Development Course with Placement | TOPS,58,557,Indexable,
1,TOPS Technologies Nikol | AI Ready Courses + Placements,55,523,Indexable,
1,UI/UX Design Course in Ahmedabad | Placement Support | TOPS Technologies — Ahmedabad,84,831,Indexable,
1,TOPS Technologies Rajkot | AI Ready Courses + Placements,56,534,Indexable,
1,Best Cyber Security Course in Ahmedabad | Govt. Recognised | TOPS — Ahmedabad,77,745,Indexable,
1,Java Training in Ahmedabad | Java Classes Near Me | TOPS Technologies — Ahmedabad,81,793,Indexable,
1,Best Digital Marketing Course in Ahmedabad | TOPS Technologies — Ahmedabad,74,723,Indexable,
1,Best Data Analytics Course in Ahmedabad | Data Analyst Training | TOPS — Ahmedabad,82,781,Indexable,
1,Best Software Testing Course in Ahmedabad | TOPS Technologies — Ahmedabad,73,724,Indexable,
1,Python Course in Ahmedabad | Python Classes Near Me | TOPS Technologies — Ahmedabad,83,821,Indexable,
1,Graphic Design Courses in Ahmedabad | Best Design Institute | TOPS — Ahmedabad,78,747,Indexable,
1,CCNP Networking Course with Placement & AI | TOPS,49,479,Indexable,
1,CCNA Networking Course with Placement & AI | TOPS,49,479,Indexable,
1,Linux Administration Course with Placement & AI | TOPS,54,504,Indexable,
1,Hardware and Networking Course with Placement & AI | TOPS,57,551,Indexable,
1,MCSA Certification Course with Placement & AI | TOPS,52,489,Indexable,
1,Cloud Computing Course with Placement & AI | TOPS,49,473,Indexable,
1,Ethical Hacking Course with Placement & AI | TOPS,49,456,Indexable,
1,AWS Certification Course with Placement & AI | TOPS,51,477,Indexable,
1,Full Stack Development Course with Placement & AI | TOPS,56,530,Indexable,
1,Java Training in Vadodara (Baroda) | Java Classes | TOPS Technologies — Vadodara,80,750,Indexable,
1,Java Training in Rajkot | Java Classes in Rajkot | TOPS — Rajkot,64,566,Indexable,
1,JobFest — Hiring Event for TOPS Students | TOPS Technologies,60,567,Indexable,
1,Java Training in Surat | Java Classes in Surat | TOPS Technologies — Surat,74,666,Indexable,
1,Courses — TOPS Technologies,27,274,Non-Indexable,Canonicalised
1,Robotics Course with Placement & AI | TOPS,42,396,Indexable,
1,VFX Course with Placement & AI | TOPS,37,356,Indexable,
1,3D Animation Course with Placement & AI | TOPS,46,440,Indexable,
1,Online Web Designing Course with Placement & AI | TOPS,54,514,Indexable,
1,CSS Course with Placement & AI | TOPS,37,356,Indexable,
1,Online Graphic Designing Course with Placement & AI | TOPS,58,543,Indexable,
1,HTML Course with Placement & AI | TOPS,38,373,Indexable,
1,Cyber Security Course in Surat | Govt. Recognised | TOPS — Surat,64,580,Indexable,
1,Cyber Security Course in Rajkot | Govt. Recognised | TOPS — Rajkot,66,596,Indexable,
1,Cyber Security Course in Vadodara (Baroda) | Govt. Recognised | TOPS — Vadodara,79,738,Indexable,
1,Automation Testing Course with Placement & AI | TOPS,52,496,Indexable,
1,Mobile App Testing Course with Placement & AI | TOPS,52,491,Indexable,
1,Manual Testing Course with Placement & AI | TOPS,48,457,Indexable,
1,Selenium Testing Course with Placement & AI | TOPS,50,475,Indexable,
1,Online Software Testing Course with Placement & AI | TOPS,57,534,Indexable,
1,Blogs — TOPS Blog,17,170,Indexable,
1,"Generative AI in Hiring: Faster, Smarter, Better Talent",55,475,Indexable,
1,Java Training — TOPS Blog,25,242,Indexable,
1,Software Testing — TOPS Blog,28,274,Indexable,
1,Java Job — TOPS Blog,20,202,Indexable,
1,Robotics — TOPS Blog,20,198,Indexable,
1,News — TOPS Blog,16,171,Indexable,
1,Current Updates — TOPS Blog,27,267,Indexable,
1,Featured posts — TOPS Blog,26,255,Indexable,
1,Java Programming — TOPS Blog,28,292,Indexable,
1,Iphone Training — TOPS Blog,27,259,Indexable,
1,Web Designer — TOPS Blog,24,245,Indexable,
1,Networking — TOPS Blog,22,223,Indexable,
1,Web Design Training — TOPS Blog,31,305,Indexable,
1,PHP Training — TOPS Blog,24,239,Indexable,
1,GTU Project Training — TOPS Blog,32,307,Indexable,
1,Android Training — TOPS Blog,28,268,Indexable,
1,Java Developer — TOPS Blog,26,259,Indexable,
1,Articles And Advice — TOPS Blog,31,294,Indexable,
1,Ethical Hacker — TOPS Blog,26,249,Indexable,
1,Asp Net Training — TOPS Blog,28,270,Indexable,
1,Digital Marketing — TOPS Blog,29,273,Indexable,
1,Placement Success Story — TOPS Blog,35,348,Indexable,
1,PHP — TOPS Blog,15,161,Indexable,
1,Digital Marketing Course: From Basics to Pro Level,50,452,Indexable,
1,PHP Job — TOPS Blog,19,199,Indexable,
1,Web Designing — TOPS Blog,25,254,Indexable,
1,Tips For Interview — TOPS Blog,30,280,Indexable,
1,Java Course — TOPS Blog,23,232,Indexable,
1,Magento Training — TOPS Blog,28,278,Indexable,
1,SEO Training — TOPS Blog,24,236,Indexable,
1,Exam Paper Solution — TOPS Blog,31,307,Indexable,
1,Ethical Hacking — TOPS Blog,27,258,Indexable,
1,Graphic Design — TOPS Blog,26,256,Indexable,
1,Drupal Training — TOPS Blog,27,257,Indexable,
1,CCNA — TOPS Blog,16,174,Indexable,
1,Node JS — TOPS Blog,19,196,Indexable,
1,Data Science — TOPS Blog,24,238,Indexable,
1,Jobs Careers — TOPS Blog,24,239,Indexable,
1,Cloud Computing — TOPS Blog,27,275,Indexable,
1,Data Science Recruitment 2025: What Employers Must Know,55,541,Indexable,
1,Career Opportunities — TOPS Blog,32,307,Indexable,
1,Software Testing Training — TOPS Blog,37,352,Indexable,
1,Java — TOPS Blog,16,164,Indexable,
1,IT Courses — TOPS Blog,22,216,Indexable,
1,Machine Learning — TOPS Blog,28,280,Indexable,
1,Website Designing — TOPS Blog,29,287,Indexable,
1,Live Project Training — TOPS Blog,33,305,Indexable,
1,Web Development — TOPS Blog,27,285,Indexable,
1,Python — TOPS Blog,18,183,Indexable,
1,Joomla Training — TOPS Blog,27,266,Indexable,
1,Web Designing Courses — TOPS Blog,33,332,Indexable,
1,Graphic Designers — TOPS Blog,29,284,Indexable,
1,Hardware Networking — TOPS Blog,31,315,Indexable,
1,Wordpress Training — TOPS Blog,30,295,Indexable,
1,Tips For Making Ppt — TOPS Blog,31,299,Indexable,
1,Graphic Designing — TOPS Blog,29,283,Indexable,
1,Graphic Design Courses in Surat | Best Design Institute | TOPS — Surat,70,627,Indexable,
1,Graphic Design Courses in Vadodara | Best Design Institute | TOPS — Vadodara,76,703,Indexable,
1,Graphic Design Courses in Rajkot | Best Design Institute | TOPS — Rajkot,72,643,Indexable,
1,Machine Learning Course with Placement & AI | TOPS,50,478,Indexable,
1,Python Course in Rajkot | Python Classes in Rajkot | TOPS — Rajkot,66,594,Indexable,
1,Data Visualization Course with Placement & AI | TOPS,52,481,Indexable,
1,Data Science Course with Placement & AI | TOPS,46,436,Indexable,
1,Prompt Engineering Course with Placement & AI | TOPS,52,496,Indexable,
1,Artificial Intelligence Course with Placement | TOPS,52,462,Indexable,
1,Generative AI Course with Placement | TOPS,42,400,Indexable,
1,Best Data Analytics Course in Rajkot | Data Analyst Training | TOPS — Rajkot,76,677,Indexable,
1,Software Testing Course in Rajkot | QA Training | TOPS Technologies — Rajkot,76,695,Indexable,
1,Webinars at TOPS — Live & Upcoming,34,338,Non-Indexable,Canonicalised
1,Webinars at TOPS — Live & Upcoming,34,338,Non-Indexable,Canonicalised
1,Web Development Course with Placement & AI | TOPS,49,483,Indexable,
1,Software Engineering Course with Placement & AI | TOPS,54,510,Indexable,
1,ASP.NET Development Course with Placement & AI | TOPS,53,523,Indexable,
1,Angular Development Course with Placement & AI | TOPS,53,512,Indexable,
1,React JS Development Course with Placement & AI | TOPS,54,522,Indexable,
1,Courses — TOPS Technologies,27,274,Non-Indexable,Canonicalised
1,Courses — TOPS Technologies,27,274,Non-Indexable,Canonicalised
1,Android App Development Course with Placement & AI | TOPS,57,552,Indexable,
1,Best Digital Marketing Course in Rajkot | TOPS Technologies — Rajkot,68,619,Indexable,
1,Best Software Testing Course in Surat | TOPS Technologies — Surat,65,604,Indexable,
1,Best Digital Marketing Course in Surat | TOPS Technologies — Surat,66,603,Indexable,
1,Best Data Analytics Course in Surat | Data Analyst Training | TOPS — Surat,74,661,Indexable,
1,Python Course in Surat | Python Classes in Surat | TOPS — Surat,63,570,Indexable,
1,SEO Course with Placement & AI | TOPS,37,356,Indexable,
1,Online Digital Marketing Course with Placement & AI | TOPS,58,533,Indexable,
1,Best Data Analytics Course in Vadodara | Data Analyst Training | TOPS — Vadodara,80,737,Indexable,
1,Software Testing Course in Vadodara (Baroda) | QA Training | TOPS — Vadodara,76,713,Indexable,
1,Python Course in Vadodara (Baroda) | Python Classes | TOPS Technologies — Vadodara,82,778,Indexable,
1,Best Digital Marketing Course in Vadodara (Baroda) | TOPS Technologies — Vadodara,81,761,Indexable,
1,UI UX Design Course in Rajkot | Figma & CorelDRAW | TOPS Technologies — Rajkot,78,733,Indexable,
1,UI UX Design Course in Vadodara (Baroda) | Figma & Portfolio | TOPS — Vadodara,78,725,Indexable,
1,3D Animation Course with Placement & AI | TOPS — Vadodara,57,552,Indexable,
1,Online Web Designing Course with Placement & AI | TOPS — Ahmedabad,66,648,Indexable,
1,UI UX Design Course in Surat | Figma & Portfolio | TOPS Technologies — Surat,76,691,Indexable,
1,3D Animation Course with Placement & AI | TOPS — Rajkot,55,522,Indexable,
1,Best 3D Animation Institute in Ahmedabad | TOPS Technologies — Ahmedabad,72,703,Indexable,
1,3D Animation Course with Placement & AI | TOPS — Surat,54,514,Indexable,
1,VFX Course in Ahmedabad | Video Editing & Animation Training | TOPS — Ahmedabad,79,763,Indexable,
1,VFX Course in Vadodara | Video Editing & Animation | TOPS Technologies — Vadodara,81,765,Indexable,
1,VFX Course in Rajkot | Video Editing & Animation | TOPS Technologies — Rajkot,77,705,Indexable,
1,VFX Course in Surat | Video Editing & Animation | TOPS Technologies — Surat,75,689,Indexable,
1,Robotics Classes Near Me | Robotics Course Ahmedabad | TOPS Technologies — Ahmedabad,84,830,Indexable,
1,Robotics Classes in Surat | Build Real Robots | TOPS Technologies — Surat,73,660,Indexable,
1,Robotics Classes in Vadodara (Baroda) | Build Real Robots | TOPS — Vadodara,75,694,Indexable,
1,Robotics Classes in Rajkot | Build Real Robots | TOPS Technologies — Rajkot,75,676,Indexable,
1,Web Design Course with Placement & AI | TOPS,44,425,Indexable,
1,Full Stack Developer Course in Vadodara (Baroda) | TOPS Technologies — Vadodara,79,746,Indexable,
1,Full Stack Developer Course in Ahmedabad | Placement | TOPS Technologies — Ahmedabad,84,820,Indexable,
1,Full Stack Developer Course in Surat | Placement | TOPS Technologies — Surat,76,700,Indexable,
1,AWS Certification Course with Placement & AI | TOPS — Surat,59,551,Indexable,
1,AWS Certification Course with Placement & AI | TOPS — Vadodara,62,589,Indexable,
1,Full Stack Developer Course in Rajkot | Placement | TOPS Technologies — Rajkot,78,716,Indexable,
1,AWS Certification Course with Placement & AI | TOPS — Rajkot,60,559,Indexable,
1,AWS Certification Course with Placement & AI | TOPS — Ahmedabad,63,611,Indexable,
1,Ethical Hacking Course in Ahmedabad | CEH Prep | TOPS Technologies — Ahmedabad,78,763,Indexable,
1,Ethical Hacking Course in Surat | CEH Certification | TOPS — Surat,66,587,Indexable,
1,Ethical Hacking Course in Vadodara | CEH Training | TOPS Technologies — Vadodara,80,750,Indexable,
1,Ethical Hacking Course in Rajkot | CEH Certification | TOPS — Rajkot,68,603,Indexable,
1,Cloud Computing Course with Placement & AI | TOPS — Ahmedabad,61,607,Indexable,
1,Cloud Computing Course with Placement & AI | TOPS — Rajkot,58,555,Indexable,
1,Cloud Computing Course with Placement & AI | TOPS — Vadodara,60,585,Indexable,
1,Cloud Computing Course with Placement & AI | TOPS — Surat,57,547,Indexable,
1,MCSA Certification Course with Placement & AI | TOPS — Surat,60,563,Indexable,
1,MCSA Certification Course with Placement & AI | TOPS — Vadodara,63,601,Indexable,
1,MCSA Certification Course with Placement & AI | TOPS — Ahmedabad,64,623,Indexable,
1,MCSA Certification Course with Placement & AI | TOPS — Rajkot,61,571,Indexable,
1,Hardware & Networking Course in Rajkot | TOPS Technologies — Rajkot,67,633,Indexable,
1,Hardware & Networking Course in Surat | TOPS Technologies — Surat,65,617,Indexable,
1,Hardware & Networking Course in Ahmedabad | Best Institute | TOPS — Ahmedabad,77,747,Indexable,
1,Hardware & Networking Course in Vadodara (Baroda) | TOPS Technologies — Vadodara,80,775,Indexable,
1,Linux Administration Course with Placement & AI | TOPS — Vadodara,65,616,Indexable,
1,Linux Administration Course with Placement & AI | TOPS — Ahmedabad,66,638,Indexable,
1,Linux Administration Course with Placement & AI | TOPS — Surat,62,578,Indexable,
1,Linux Administration Course with Placement & AI | TOPS — Rajkot,63,586,Indexable,
1,CCNA Training in Vadodara (Baroda) | Cisco Certification | TOPS — Vadodara,74,682,Indexable,
1,CCNA Training in Ahmedabad | Cisco Certification Course | TOPS — Ahmedabad,74,712,Indexable,
1,CCNA Training in Surat | Cisco Certification Course | TOPS — Surat,66,592,Indexable,
1,CCNA Training in Rajkot | Cisco Certification Course | TOPS — Rajkot,68,608,Indexable,
1,CCNP Networking Course with Placement & AI | TOPS — Ahmedabad,61,613,Indexable,
1,CCNP Networking Course with Placement & AI | TOPS — Surat,57,553,Indexable,
1,CCNP Networking Course with Placement & AI | TOPS — Vadodara,60,591,Indexable,
1,CCNP Networking Course with Placement & AI | TOPS — Rajkot,58,561,Indexable,
